id,title,description,image_link,link,product_type,brand,price,availability,item_group_id,checkout_url,additional_image_link,sale_price_effective_date,sale_price,condition,visibility,default_product,variant
wc_post_id_2364,"Membership Fee","Membership Fee",https://edgg7es7-staging.dreamwp.com/wp-content/uploads/2020/06/id.jpeg,https://edgg7es7-staging.dreamwp.com/product/membership-fee/,"Membership Fee","SkinRx",1500PHP,in stock,wc_post_id_2364,https://edgg7es7-staging.dreamwp.com/cart/?add-to-cart=2364,,1970-01-29T00:00+00:00/1970-01-30T23:59+00:00,1500PHP,new,published,,
wc_post_id_2354,"Anti-hair fall solution","Anti-hair fall solution",https://placeholdit.imgix.net/~text?txtsize=33&name=Anti-hair%20fall%20solution&w=530&h=530,https://edgg7es7-staging.dreamwp.com/product/anti-hair-fall-solution/,"Skin Care","SkinRx",750PHP,in stock,wc_post_id_2354,https://edgg7es7-staging.dreamwp.com/cart/?add-to-cart=2354,,1970-01-29T00:00+00:00/1970-01-30T23:59+00:00,750PHP,new,published,,
wc_post_id_2349,"Healing cream","Healing cream",https://placeholdit.imgix.net/~text?txtsize=33&name=Healing%20cream&w=530&h=530,https://edgg7es7-staging.dreamwp.com/product/healing-cream/,"Skin Care","SkinRx",575PHP,in stock,wc_post_id_2349,https://edgg7es7-staging.dreamwp.com/cart/?add-to-cart=2349,,1970-01-29T00:00+00:00/1970-01-30T23:59+00:00,575PHP,new,published,,
wc_post_id_2351,"Ultra Bleaching Gel","Ultra Bleaching Gel",https://placeholdit.imgix.net/~text?txtsize=33&name=Ultra%20Bleaching%20Gel&w=530&h=530,https://edgg7es7-staging.dreamwp.com/product/ultra-bleaching-gel/,"Skin Care","SkinRx",1500PHP,in stock,wc_post_id_2351,https://edgg7es7-staging.dreamwp.com/cart/?add-to-cart=2351,,1970-01-29T00:00+00:00/1970-01-30T23:59+00:00,1500PHP,new,published,,
wc_post_id_2352,"Glazy Gel with Triple Ageless Formula","Glazy Gel with Triple Ageless Formula",https://placeholdit.imgix.net/~text?txtsize=33&name=Glazy%20Gel%20with%20Triple%20Ageless%20Formula&w=530&h=530,https://edgg7es7-staging.dreamwp.com/product/glazy-gel-with-triple-ageless-formula/,"Skin Care","SkinRx",1500PHP,in stock,wc_post_id_2352,https://edgg7es7-staging.dreamwp.com/cart/?add-to-cart=2352,,1970-01-29T00:00+00:00/1970-01-30T23:59+00:00,1500PHP,new,published,,
wc_post_id_2353,"Anti-Pimple Solution","Anti-Pimple Solution",https://placeholdit.imgix.net/~text?txtsize=33&name=Anti-Pimple%20Solution&w=530&h=530,https://edgg7es7-staging.dreamwp.com/product/anti-pimple-solution/,"Skin Care","SkinRx",750PHP,in stock,wc_post_id_2353,https://edgg7es7-staging.dreamwp.com/cart/?add-to-cart=2353,,1970-01-29T00:00+00:00/1970-01-30T23:59+00:00,750PHP,new,published,,
wc_post_id_2350,"healing ointment","healing ointment",https://placeholdit.imgix.net/~text?txtsize=33&name=healing%20ointment&w=530&h=530,https://edgg7es7-staging.dreamwp.com/product/healing-ointment/,"Skin Care","SkinRx",575PHP,in stock,wc_post_id_2350,https://edgg7es7-staging.dreamwp.com/cart/?add-to-cart=2350,,1970-01-29T00:00+00:00/1970-01-30T23:59+00:00,575PHP,new,published,,
wc_post_id_2348,"Rejuvenating cream","Rejuvenating cream",https://placeholdit.imgix.net/~text?txtsize=33&name=Rejuvenating%20cream&w=530&h=530,https://edgg7es7-staging.dreamwp.com/product/rejuvenating-cream/,"Skin Care","SkinRx",575PHP,in stock,wc_post_id_2348,https://edgg7es7-staging.dreamwp.com/cart/?add-to-cart=2348,,1970-01-29T00:00+00:00/1970-01-30T23:59+00:00,575PHP,new,published,,
wc_post_id_2105,"C.C 12 in 1","C.C 12 in 1",https://edgg7es7-staging.dreamwp.com/wp-content/uploads/2020/06/CC12n1-1.jpg,https://edgg7es7-staging.dreamwp.com/product/c-c-12-in-1/,"Cosmetics","SkinRx",1PHP,in stock,wc_post_id_2105,https://edgg7es7-staging.dreamwp.com/cart/?add-to-cart=2105,,1970-01-29T00:00+00:00/1970-01-30T23:59+00:00,1PHP,new,published,,
wc_post_id_2101,"B.T.LA C.C Cream","BTLA: Anti-aging Cream",https://edgg7es7-staging.dreamwp.com/wp-content/uploads/2020/06/BTLA-Cream1.jpg,https://edgg7es7-staging.dreamwp.com/product/b-t-la-c-c-cream/?attribute_pa_btla=anti-aging,"Cosmetics","SkinRx",350PHP,in stock,wc_post_id_2088,https://edgg7es7-staging.dreamwp.com/cart/?add-to-cart=2088&variation_id=2101&attribute_pa_btla=anti-aging,,1970-01-29T00:00+00:00/1970-01-30T23:59+00:00,350PHP,new,published,default,"btla:Anti-aging Cream/Lightening Cream:Anti-aging Cream"
wc_post_id_2102,"B.T.LA C.C Cream","BTLA: Lightening Cream",https://edgg7es7-staging.dreamwp.com/wp-content/uploads/2020/06/BTLA-Cream1.jpg,https://edgg7es7-staging.dreamwp.com/product/b-t-la-c-c-cream/?attribute_pa_btla=lightening-cream,"Cosmetics","SkinRx",350PHP,in stock,wc_post_id_2088,https://edgg7es7-staging.dreamwp.com/cart/?add-to-cart=2088&variation_id=2102&attribute_pa_btla=lightening-cream,,1970-01-29T00:00+00:00/1970-01-30T23:59+00:00,350PHP,new,published,,"btla:Anti-aging Cream/Lightening Cream:Lightening Cream"
wc_post_id_2085,"Eyebrow Liner","Eyebrow Liner",https://placeholdit.imgix.net/~text?txtsize=33&name=Eyebrow%20Liner&w=530&h=530,https://edgg7es7-staging.dreamwp.com/product/eyebro-liner/,"Cosmetics","SkinRx",1PHP,in stock,wc_post_id_2085,https://edgg7es7-staging.dreamwp.com/cart/?add-to-cart=2085,,1970-01-29T00:00+00:00/1970-01-30T23:59+00:00,1PHP,new,published,,
wc_post_id_2086,"Eyeliner","Eyeliner",https://edgg7es7-staging.dreamwp.com/wp-content/uploads/2020/06/eyeliner_320x240.jpg,https://edgg7es7-staging.dreamwp.com/product/eyeliner/,"Cosmetics","SkinRx",1PHP,in stock,wc_post_id_2086,https://edgg7es7-staging.dreamwp.com/cart/?add-to-cart=2086,,1970-01-29T00:00+00:00/1970-01-30T23:59+00:00,1PHP,new,published,,
wc_post_id_2087,"Mascarra","Mascarra",https://edgg7es7-staging.dreamwp.com/wp-content/uploads/2020/06/mascara.png,https://edgg7es7-staging.dreamwp.com/product/mascarra/,"Cosmetics","SkinRx",1PHP,in stock,wc_post_id_2087,https://edgg7es7-staging.dreamwp.com/cart/?add-to-cart=2087,"https://edgg7es7-staging.dreamwp.com/wp-content/uploads/2020/06/mascara-2.png",1970-01-29T00:00+00:00/1970-01-30T23:59+00:00,1PHP,new,published,,
wc_post_id_2084,"Eyebrow Gel","Eyebrow Gel",https://edgg7es7-staging.dreamwp.com/wp-content/uploads/2020/06/eyebrowgel.png,https://edgg7es7-staging.dreamwp.com/product/eyebro-gel/,"Cosmetics","SkinRx",1PHP,in stock,wc_post_id_2084,https://edgg7es7-staging.dreamwp.com/cart/?add-to-cart=2084,,1970-01-29T00:00+00:00/1970-01-30T23:59+00:00,1PHP,new,published,,
wc_post_id_2083,"Lip Liner","Lip Liner",https://placeholdit.imgix.net/~text?txtsize=33&name=Lip%20Liner&w=530&h=530,https://edgg7es7-staging.dreamwp.com/product/lip-liner/,"Cosmetics","SkinRx",1PHP,in stock,wc_post_id_2083,https://edgg7es7-staging.dreamwp.com/cart/?add-to-cart=2083,,1970-01-29T00:00+00:00/1970-01-30T23:59+00:00,1PHP,new,published,,
wc_post_id_2081,"Liquid Foundation","Liquid Foundation",https://placeholdit.imgix.net/~text?txtsize=33&name=Liquid%20Foundation&w=530&h=530,https://edgg7es7-staging.dreamwp.com/product/liquid-foundation/,"Cosmetics","SkinRx",1PHP,in stock,wc_post_id_2081,https://edgg7es7-staging.dreamwp.com/cart/?add-to-cart=2081,,1970-01-29T00:00+00:00/1970-01-30T23:59+00:00,1PHP,new,published,,
wc_post_id_2080,"Concealer","Concealer",https://placeholdit.imgix.net/~text?txtsize=33&name=Concealer&w=530&h=530,https://edgg7es7-staging.dreamwp.com/product/concealer/,"Cosmetics","SkinRx",1PHP,in stock,wc_post_id_2080,https://edgg7es7-staging.dreamwp.com/cart/?add-to-cart=2080,,1970-01-29T00:00+00:00/1970-01-30T23:59+00:00,1PHP,new,published,,
wc_post_id_2078,"Make Up Primer","Make Up Primer",https://placeholdit.imgix.net/~text?txtsize=33&name=Make%20Up%20Primer&w=530&h=530,https://edgg7es7-staging.dreamwp.com/product/make-up-primer/,"Cosmetics","SkinRx",1PHP,in stock,wc_post_id_2078,https://edgg7es7-staging.dreamwp.com/cart/?add-to-cart=2078,,1970-01-29T00:00+00:00/1970-01-30T23:59+00:00,1PHP,new,published,,
wc_post_id_2082,"Lipgloss","Lipgloss",https://placeholdit.imgix.net/~text?txtsize=33&name=Lipgloss&w=530&h=530,https://edgg7es7-staging.dreamwp.com/product/lipgloss/,"Cosmetics","SkinRx",1PHP,in stock,wc_post_id_2082,https://edgg7es7-staging.dreamwp.com/cart/?add-to-cart=2082,,1970-01-29T00:00+00:00/1970-01-30T23:59+00:00,1PHP,new,published,,
wc_post_id_2064,"Pleasant Touch Soap","Soap: Brightening Soap",https://edgg7es7-staging.dreamwp.com/wp-content/uploads/2020/06/soap1.jpg,https://edgg7es7-staging.dreamwp.com/product/pleasant-touch-soap/?attribute_pa_soap=brightening,"Skin Care","SkinRx",199.95PHP,in stock,wc_post_id_1639,https://edgg7es7-staging.dreamwp.com/cart/?add-to-cart=1639&variation_id=2064&attribute_pa_soap=brightening,"https://edgg7es7-staging.dreamwp.com/wp-content/uploads/2020/06/soap1.jpg",1970-01-29T00:00+00:00/1970-01-30T23:59+00:00,199.95PHP,new,published,,"soap:Brightening Soap/Ultra Hydrating Soap/YounGCT Soap:Brightening Soap"
wc_post_id_2066,"Pleasant Touch Soap","Soap: YounGCT Soap",https://edgg7es7-staging.dreamwp.com/wp-content/uploads/2020/06/soap1.jpg,https://edgg7es7-staging.dreamwp.com/product/pleasant-touch-soap/?attribute_pa_soap=youngct,"Skin Care","SkinRx",199.95PHP,in stock,wc_post_id_1639,https://edgg7es7-staging.dreamwp.com/cart/?add-to-cart=1639&variation_id=2066&attribute_pa_soap=youngct,"https://edgg7es7-staging.dreamwp.com/wp-content/uploads/2020/06/soap1.jpg",1970-01-29T00:00+00:00/1970-01-30T23:59+00:00,199.95PHP,new,published,,"soap:Brightening Soap/Ultra Hydrating Soap/YounGCT Soap:YounGCT Soap"
wc_post_id_2065,"Pleasant Touch Soap","Soap: Ultra Hydrating Soap",https://edgg7es7-staging.dreamwp.com/wp-content/uploads/2020/06/soap1.jpg,https://edgg7es7-staging.dreamwp.com/product/pleasant-touch-soap/?attribute_pa_soap=ultra,"Skin Care","SkinRx",199.95PHP,in stock,wc_post_id_1639,https://edgg7es7-staging.dreamwp.com/cart/?add-to-cart=1639&variation_id=2065&attribute_pa_soap=ultra,"https://edgg7es7-staging.dreamwp.com/wp-content/uploads/2020/06/soap1.jpg",1970-01-29T00:00+00:00/1970-01-30T23:59+00:00,199.95PHP,new,published,,"soap:Brightening Soap/Ultra Hydrating Soap/YounGCT Soap:Ultra Hydrating Soap"
wc_post_id_2049,"Acne Prone Skin Pack","For those with oily and pimple prone skin. This regimen will decrease formation of comedones (black heads and white heads) and heal existing acne and pimples. 
 
This Pack includes 
 
YoungGCT Soap 
Pimple Free Cream-Gel 
Exfoliating Cream 
Bleaching Cream",https://edgg7es7-staging.dreamwp.com/wp-content/uploads/2020/06/Acne-Prone-Skin-Pack.jpg,https://edgg7es7-staging.dreamwp.com/product/acne-prone-skin-pack/,"Skin Care","SkinRx",3600PHP,in stock,wc_post_id_2049,https://edgg7es7-staging.dreamwp.com/cart/?add-to-cart=2049,,1970-01-29T00:00+00:00/1970-01-30T23:59+00:00,3600PHP,new,published,,
wc_post_id_2047,"Sensitive Touch Skin","Specially made for those who have allergies to skin care products but want to maintain a facial regimen to look younger and more beautiful 
 
Rashless Essentials includes : 
 
  Ultra Hydrating Soap 
  Ultra Hydrating Cream 
  Collagen E Cream 
  Rejuvenating Cream",https://edgg7es7-staging.dreamwp.com/wp-content/uploads/2020/06/sensitive-skin-pack.jpg,https://edgg7es7-staging.dreamwp.com/product/sensitive-touch-skin/,"Skin Care","SkinRx",2450PHP,in stock,wc_post_id_2047,https://edgg7es7-staging.dreamwp.com/cart/?add-to-cart=2047,,1970-01-29T00:00+00:00/1970-01-30T23:59+00:00,2450PHP,new,published,,
wc_post_id_2045,"Age Defying Pack","Best for those above 40 years old. This will decrease and prevent fine lines and conspicuous wrinkling of the facial skin 
 
Youth Regen Essentials Includes:                                              
 
  Youngevity Soap 
  CC 12 in 1 Cream 
  Collagen E Cream 
  Rejuvenating Cream",https://edgg7es7-staging.dreamwp.com/wp-content/uploads/2020/06/age-defying-pack.jpg,https://edgg7es7-staging.dreamwp.com/product/age-defying-pack/,"Uncategorized","SkinRx",2450PHP,in stock,wc_post_id_2045,https://edgg7es7-staging.dreamwp.com/cart/?add-to-cart=2045,,1970-01-29T00:00+00:00/1970-01-30T23:59+00:00,2450PHP,new,published,,
wc_post_id_2043,"Lightening Pack","Intended for those who want to have a bright complexion or white glowing skin 
 
Youth Glow Essentials                                                  
 
  Brightening Soap 
  CC 12 in 1 cream 
  Collagen E Cream  
  Ultra Lightening Cream",https://edgg7es7-staging.dreamwp.com/wp-content/uploads/2020/06/Lightening-Pack.jpg,https://edgg7es7-staging.dreamwp.com/product/lightening-pack/,"Skin Care","SkinRx",2450PHP,in stock,wc_post_id_2043,https://edgg7es7-staging.dreamwp.com/cart/?add-to-cart=2043,,1970-01-29T00:00+00:00/1970-01-30T23:59+00:00,2450PHP,new,published,,
wc_post_id_2036,"Pigment Erase Pack","For those with melasma, freckles, ephelides, dark spots and other pigmentations 
 
Spotless Essentials                                                  
 
  Brightening Soap 
  CC 12 in 1 Complete Correction Cream 
  Exfoliating Cream 
  Ultra Lightening Cream",https://edgg7es7-staging.dreamwp.com/wp-content/uploads/2020/06/Pigment-erase-pack.jpg,https://edgg7es7-staging.dreamwp.com/product/pigment-erase-pack/,"Skin Care","SkinRx",2450PHP,in stock,wc_post_id_2036,https://edgg7es7-staging.dreamwp.com/cart/?add-to-cart=2036,,1970-01-29T00:00+00:00/1970-01-30T23:59+00:00,2450PHP,new,published,,
wc_post_id_2017,"Pleasant Cosmetics Lotion","Lotion: Replenishing",https://edgg7es7-staging.dreamwp.com/wp-content/uploads/2020/06/Rejuvenating.png,https://edgg7es7-staging.dreamwp.com/product/pleasant-cosmetics-lotion/?attribute_pa_lotion=replenishing,"Cosmetics","SkinRx",750PHP,in stock,wc_post_id_2013,https://edgg7es7-staging.dreamwp.com/cart/?add-to-cart=2013&variation_id=2017&attribute_pa_lotion=replenishing,,1970-01-29T00:00+00:00/1970-01-30T23:59+00:00,750PHP,new,published,,"lotion:Brightening Lotion/Rejuvenating/Replenishing/Sun Protection/Ultra Moisturizing:Replenishing"
wc_post_id_2018,"Pleasant Cosmetics Lotion","Lotion: Sun Protection",https://edgg7es7-staging.dreamwp.com/wp-content/uploads/2020/06/Rejuvenating.png,https://edgg7es7-staging.dreamwp.com/product/pleasant-cosmetics-lotion/?attribute_pa_lotion=protection,"Cosmetics","SkinRx",750PHP,in stock,wc_post_id_2013,https://edgg7es7-staging.dreamwp.com/cart/?add-to-cart=2013&variation_id=2018&attribute_pa_lotion=protection,,1970-01-29T00:00+00:00/1970-01-30T23:59+00:00,750PHP,new,published,,"lotion:Brightening Lotion/Rejuvenating/Replenishing/Sun Protection/Ultra Moisturizing:Sun Protection"
wc_post_id_2019,"Pleasant Cosmetics Lotion","Lotion: Ultra Moisturizing",https://edgg7es7-staging.dreamwp.com/wp-content/uploads/2020/06/Rejuvenating.png,https://edgg7es7-staging.dreamwp.com/product/pleasant-cosmetics-lotion/?attribute_pa_lotion=moisturizing,"Cosmetics","SkinRx",750PHP,in stock,wc_post_id_2013,https://edgg7es7-staging.dreamwp.com/cart/?add-to-cart=2013&variation_id=2019&attribute_pa_lotion=moisturizing,,1970-01-29T00:00+00:00/1970-01-30T23:59+00:00,750PHP,new,published,,"lotion:Brightening Lotion/Rejuvenating/Replenishing/Sun Protection/Ultra Moisturizing:Ultra Moisturizing"
wc_post_id_2015,"Pleasant Cosmetics Lotion","Lotion: Brightening Lotion",https://edgg7es7-staging.dreamwp.com/wp-content/uploads/2020/06/Rejuvenating.png,https://edgg7es7-staging.dreamwp.com/product/pleasant-cosmetics-lotion/?attribute_pa_lotion=brightening,"Cosmetics","SkinRx",750PHP,in stock,wc_post_id_2013,https://edgg7es7-staging.dreamwp.com/cart/?add-to-cart=2013&variation_id=2015&attribute_pa_lotion=brightening,,1970-01-29T00:00+00:00/1970-01-30T23:59+00:00,750PHP,new,published,default,"lotion:Brightening Lotion/Rejuvenating/Replenishing/Sun Protection/Ultra Moisturizing:Brightening Lotion"
wc_post_id_2016,"Pleasant Cosmetics Lotion","Lotion: Rejuvenating",https://edgg7es7-staging.dreamwp.com/wp-content/uploads/2020/06/Rejuvenating.png,https://edgg7es7-staging.dreamwp.com/product/pleasant-cosmetics-lotion/?attribute_pa_lotion=rejuvenating,"Cosmetics","SkinRx",750PHP,in stock,wc_post_id_2013,https://edgg7es7-staging.dreamwp.com/cart/?add-to-cart=2013&variation_id=2016&attribute_pa_lotion=rejuvenating,,1970-01-29T00:00+00:00/1970-01-30T23:59+00:00,750PHP,new,published,,"lotion:Brightening Lotion/Rejuvenating/Replenishing/Sun Protection/Ultra Moisturizing:Rejuvenating"
wc_post_id_2008,"Skin 21 Complete me essentials","Product Includes 
 
Youngevity Face and Body Wash 120ml                                                 
 
CC 12 in 1 Complete Correction Cream 30g 
 
Glazy Gel Instant Skin Peel, White and Lift 15g",https://edgg7es7-staging.dreamwp.com/wp-content/uploads/2020/06/123.jpg.png,https://edgg7es7-staging.dreamwp.com/product/skin-21-complete-me-essentials/,"Uncategorized","SkinRx",1PHP,in stock,wc_post_id_2008,https://edgg7es7-staging.dreamwp.com/cart/?add-to-cart=2008,,1970-01-29T00:00+00:00/1970-01-30T23:59+00:00,1PHP,new,published,,
wc_post_id_1642,"Youngevity Face and body Wash","yougevity Face and Body Wash",https://edgg7es7-staging.dreamwp.com/wp-content/uploads/2020/06/facialwash.jpg,https://edgg7es7-staging.dreamwp.com/product/brightening-facial-wash/,"Skin Care","SkinRx",550PHP,in stock,wc_post_id_1642,https://edgg7es7-staging.dreamwp.com/cart/?add-to-cart=1642,,1970-01-29T00:00+00:00/1970-01-30T23:59+00:00,550PHP,new,published,,
wc_post_id_1636,"Blush On","Blush on: Pink Rose",https://edgg7es7-staging.dreamwp.com/wp-content/uploads/2020/06/blushon-2.jpg,https://edgg7es7-staging.dreamwp.com/product/blush-on/?attribute_pa_blush=pinkrose,"Cosmetics","SkinRx",189.75PHP,in stock,wc_post_id_1631,https://edgg7es7-staging.dreamwp.com/cart/?add-to-cart=1631&variation_id=1636&attribute_pa_blush=pinkrose,,1970-01-29T00:00+00:00/1970-01-30T23:59+00:00,189.75PHP,new,published,,"blush:Auld Rose/Creamy Pink/Peach/Pink Rose:Pink Rose"
wc_post_id_1633,"Blush On","Blush on: Auld Rose",https://edgg7es7-staging.dreamwp.com/wp-content/uploads/2020/06/blushon-2.jpg,https://edgg7es7-staging.dreamwp.com/product/blush-on/?attribute_pa_blush=auld,"Cosmetics","SkinRx",189.75PHP,in stock,wc_post_id_1631,https://edgg7es7-staging.dreamwp.com/cart/?add-to-cart=1631&variation_id=1633&attribute_pa_blush=auld,,1970-01-29T00:00+00:00/1970-01-30T23:59+00:00,189.75PHP,new,published,,"blush:Auld Rose/Creamy Pink/Peach/Pink Rose:Auld Rose"
wc_post_id_1635,"Blush On","Blush on: Peach",https://edgg7es7-staging.dreamwp.com/wp-content/uploads/2020/06/blushon-2.jpg,https://edgg7es7-staging.dreamwp.com/product/blush-on/?attribute_pa_blush=peach,"Cosmetics","SkinRx",189.75PHP,in stock,wc_post_id_1631,https://edgg7es7-staging.dreamwp.com/cart/?add-to-cart=1631&variation_id=1635&attribute_pa_blush=peach,,1970-01-29T00:00+00:00/1970-01-30T23:59+00:00,189.75PHP,new,published,,"blush:Auld Rose/Creamy Pink/Peach/Pink Rose:Peach"
wc_post_id_1634,"Blush On","Blush on: Creamy Pink",https://edgg7es7-staging.dreamwp.com/wp-content/uploads/2020/06/blushon-2.jpg,https://edgg7es7-staging.dreamwp.com/product/blush-on/?attribute_pa_blush=cream,"Cosmetics","SkinRx",189.75PHP,in stock,wc_post_id_1631,https://edgg7es7-staging.dreamwp.com/cart/?add-to-cart=1631&variation_id=1634&attribute_pa_blush=cream,,1970-01-29T00:00+00:00/1970-01-30T23:59+00:00,189.75PHP,new,published,,"blush:Auld Rose/Creamy Pink/Peach/Pink Rose:Creamy Pink"
wc_post_id_1629,"Eye Shadow","Eye Shadow: Purple",https://edgg7es7-staging.dreamwp.com/wp-content/uploads/2020/06/eyeshadow.jpg,https://edgg7es7-staging.dreamwp.com/product/eye-shadow/?attribute_pa_eyeshadow=purple,"Cosmetics","SkinRx",299PHP,in stock,wc_post_id_1626,https://edgg7es7-staging.dreamwp.com/cart/?add-to-cart=1626&variation_id=1629&attribute_pa_eyeshadow=purple,,1970-01-29T00:00+00:00/1970-01-30T23:59+00:00,299PHP,new,published,,"eyeshadow:Blue/Purple:Purple"
wc_post_id_1628,"Eye Shadow","Eye Shadow: Blue",https://edgg7es7-staging.dreamwp.com/wp-content/uploads/2020/06/eyeshadow.jpg,https://edgg7es7-staging.dreamwp.com/product/eye-shadow/?attribute_pa_eyeshadow=blue,"Cosmetics","SkinRx",299PHP,in stock,wc_post_id_1626,https://edgg7es7-staging.dreamwp.com/cart/?add-to-cart=1626&variation_id=1628&attribute_pa_eyeshadow=blue,,1970-01-29T00:00+00:00/1970-01-30T23:59+00:00,299PHP,new,published,,"eyeshadow:Blue/Purple:Blue"
wc_post_id_1624,"Eyebrow Powder","Eyebrow Powder: Maroon",https://edgg7es7-staging.dreamwp.com/wp-content/uploads/2020/06/eyepowder.jpg,https://edgg7es7-staging.dreamwp.com/product/eyebrow-powder/?attribute_pa_eyebrow=maroon,"Cosmetics","SkinRx",179.75PHP,in stock,wc_post_id_1613,https://edgg7es7-staging.dreamwp.com/cart/?add-to-cart=1613&variation_id=1624&attribute_pa_eyebrow=maroon,,1970-01-29T00:00+00:00/1970-01-30T23:59+00:00,179.75PHP,new,published,default,"eyebrow:Maroon/Black/Brown:Maroon"
wc_post_id_1622,"Eyebrow Powder","Eyebrow Powder: Black",https://edgg7es7-staging.dreamwp.com/wp-content/uploads/2020/06/eyepowder.jpg,https://edgg7es7-staging.dreamwp.com/product/eyebrow-powder/?attribute_pa_eyebrow=black,"Cosmetics","SkinRx",179.75PHP,in stock,wc_post_id_1613,https://edgg7es7-staging.dreamwp.com/cart/?add-to-cart=1613&variation_id=1622&attribute_pa_eyebrow=black,,1970-01-29T00:00+00:00/1970-01-30T23:59+00:00,179.75PHP,new,published,,"eyebrow:Maroon/Black/Brown:Black"
wc_post_id_1623,"Eyebrow Powder","Eyebrow Powder: Brown",https://edgg7es7-staging.dreamwp.com/wp-content/uploads/2020/06/eyepowder.jpg,https://edgg7es7-staging.dreamwp.com/product/eyebrow-powder/?attribute_pa_eyebrow=brown,"Cosmetics","SkinRx",179.75PHP,in stock,wc_post_id_1613,https://edgg7es7-staging.dreamwp.com/cart/?add-to-cart=1613&variation_id=1623&attribute_pa_eyebrow=brown,,1970-01-29T00:00+00:00/1970-01-30T23:59+00:00,179.75PHP,new,published,,"eyebrow:Maroon/Black/Brown:Brown"
wc_post_id_1620,"Mineral Compact Powder","Mineral Compact Powder: Skin Tone",https://edgg7es7-staging.dreamwp.com/wp-content/uploads/2020/06/MCP.jpg,https://edgg7es7-staging.dreamwp.com/product/mineral-compact-powder/?attribute_pa_mcp=skintone,"Cosmetics","SkinRx",199PHP,in stock,wc_post_id_1616,https://edgg7es7-staging.dreamwp.com/cart/?add-to-cart=1616&variation_id=1620&attribute_pa_mcp=skintone,,1970-01-29T00:00+00:00/1970-01-30T23:59+00:00,199PHP,new,published,,"mcp:Light Yellow/Pink Glow/Skin Tone:Skin Tone"
wc_post_id_1619,"Mineral Compact Powder","Mineral Compact Powder: Pink Glow",https://edgg7es7-staging.dreamwp.com/wp-content/uploads/2020/06/MCP.jpg,https://edgg7es7-staging.dreamwp.com/product/mineral-compact-powder/?attribute_pa_mcp=pinkglow,"Cosmetics","SkinRx",199PHP,in stock,wc_post_id_1616,https://edgg7es7-staging.dreamwp.com/cart/?add-to-cart=1616&variation_id=1619&attribute_pa_mcp=pinkglow,,1970-01-29T00:00+00:00/1970-01-30T23:59+00:00,199PHP,new,published,,"mcp:Light Yellow/Pink Glow/Skin Tone:Pink Glow"
wc_post_id_1606,"Pleasant Touch Lipstick","Pleasant Touch Lipstick: Red Rose",https://edgg7es7-staging.dreamwp.com/wp-content/uploads/2020/06/lipstick.jpg,https://edgg7es7-staging.dreamwp.com/product/pleasant-touch-lipstick/?attribute_pa_lipstick=redrose,"Cosmetics","SkinRx",199.95PHP,in stock,wc_post_id_1602,https://edgg7es7-staging.dreamwp.com/cart/?add-to-cart=1602&variation_id=1606&attribute_pa_lipstick=redrose,,1970-01-29T00:00+00:00/1970-01-30T23:59+00:00,199.95PHP,new,published,,"lipstick:Light Pink/Natural/Red Rose/Rosy Pink:Red Rose"
wc_post_id_1607,"Pleasant Touch Lipstick","Pleasant Touch Lipstick: Rosy Pink",https://edgg7es7-staging.dreamwp.com/wp-content/uploads/2020/06/lipstick.jpg,https://edgg7es7-staging.dreamwp.com/product/pleasant-touch-lipstick/?attribute_pa_lipstick=rosypink,"Cosmetics","SkinRx",199.95PHP,in stock,wc_post_id_1602,https://edgg7es7-staging.dreamwp.com/cart/?add-to-cart=1602&variation_id=1607&attribute_pa_lipstick=rosypink,,1970-01-29T00:00+00:00/1970-01-30T23:59+00:00,199.95PHP,new,published,,"lipstick:Light Pink/Natural/Red Rose/Rosy Pink:Rosy Pink"
wc_post_id_1605,"Pleasant Touch Lipstick","Pleasant Touch Lipstick: Natural",https://edgg7es7-staging.dreamwp.com/wp-content/uploads/2020/06/lipstick.jpg,https://edgg7es7-staging.dreamwp.com/product/pleasant-touch-lipstick/?attribute_pa_lipstick=natural,"Cosmetics","SkinRx",199.95PHP,in stock,wc_post_id_1602,https://edgg7es7-staging.dreamwp.com/cart/?add-to-cart=1602&variation_id=1605&attribute_pa_lipstick=natural,,1970-01-29T00:00+00:00/1970-01-30T23:59+00:00,199.95PHP,new,published,,"lipstick:Light Pink/Natural/Red Rose/Rosy Pink:Natural"
wc_post_id_1604,"Pleasant Touch Lipstick","Pleasant Touch Lipstick: Light Pink",https://edgg7es7-staging.dreamwp.com/wp-content/uploads/2020/06/lipstick.jpg,https://edgg7es7-staging.dreamwp.com/product/pleasant-touch-lipstick/?attribute_pa_lipstick=lightpink,"Cosmetics","SkinRx",199.95PHP,in stock,wc_post_id_1602,https://edgg7es7-staging.dreamwp.com/cart/?add-to-cart=1602&variation_id=1604&attribute_pa_lipstick=lightpink,,1970-01-29T00:00+00:00/1970-01-30T23:59+00:00,199.95PHP,new,published,default,"lipstick:Light Pink/Natural/Red Rose/Rosy Pink:Light Pink"
wc_post_id_1599,"Eye Correction Cream-Gel","DESCRIPTION: 
 
Contains vitamins, moisturizers and peptides intended for use around the eyes to moisturize the skin and diminish the appearance of wrinkles, eyebags and dark circles within 30 days of continued use. 
 
  
 
  
 
FORMS, DOSAGE & ADMINISTRATION: 
 
In Cream-Gel form.  For external  use only. Apply a small amount on the tip of the finger and move in a small gentle circular motion over, under and around the eye area until the product is absorbed.  Apply 0.5 cm away from the eye rim to avoid eye irritation. 
 
A Product of the Phils., formulated by a dermatologist. 
 
Distributed by:  NBR Medical Group, Inc",https://edgg7es7-staging.dreamwp.com/wp-content/uploads/2020/06/pleasanteye-1.jpg,https://edgg7es7-staging.dreamwp.com/product/eye-cream-gel/,"Skin Care","SkinRx",575PHP,in stock,wc_post_id_1599,https://edgg7es7-staging.dreamwp.com/cart/?add-to-cart=1599,,1970-01-29T00:00+00:00/1970-01-30T23:59+00:00,575PHP,new,published,,
wc_post_id_1596,"Moisturizing Cream","DESCRIPTION:   
 
Contains glycerine, urea, HA and vitamins which increase ceramide and free fatty acid levels in the skin, prevents the skin from losing water content and stimulates micro-circulation in the skin.  Vitamins also keep the skin hydrated by preventing water loss and promote mild shedding of the skin that prevents pore blockage. 
 
  
 
FORM ,DOSAGE & ADMINISTRATION: 
 
In cream form.  For external use only. Gently apply on the face and neck. 
 
A Product of the Phils., formulated by a dermatologist. 
 
Distributed by:  NBR Medical Group, Inc.",https://edgg7es7-staging.dreamwp.com/wp-content/uploads/2020/06/hydrant.jpg,https://edgg7es7-staging.dreamwp.com/product/moisturizing-cream/,"Skin Care","SkinRx",575PHP,in stock,wc_post_id_1596,https://edgg7es7-staging.dreamwp.com/cart/?add-to-cart=1596,,1970-01-29T00:00+00:00/1970-01-30T23:59+00:00,575PHP,new,published,,
wc_post_id_1581,"Pimple Free Cream-Gel","DESCRIPTION: 
 
Contains vitamins and keratolytics which help unclog pores and aid in clearing pimples in 2 to 4 weeks.   .   It assists the skin throughout the healing process by soothing and decreasing inflammation, irritation, peeling and swelling.  It sheds the stratum corneum decreasing the formation of comedones. 
 
  
 
  
 
FORM, DOSAGE & ADMINISTRATION: 
 
In cream-gel form.  For external use only.  Apply product to those areas of the face or body which have acne and comedones (black heads and white heads). 
 
A Product of the Phils., formulated by a dermatologist. 
 
Distributed by:  NBR Medical Group, Inc.",https://edgg7es7-staging.dreamwp.com/wp-content/uploads/2020/06/pimplefree.jpg,https://edgg7es7-staging.dreamwp.com/product/pimple-free-cream/,"Skin Care","SkinRx",575PHP,in stock,wc_post_id_1581,https://edgg7es7-staging.dreamwp.com/cart/?add-to-cart=1581,,1970-01-29T00:00+00:00/1970-01-30T23:59+00:00,575PHP,new,published,,
wc_post_id_1559,"Collagen E Cream","DESCRIPTION: 
 
Contains hydrolyzed collagen, amino acids, moisturizers and vitamins which help  shield skin cells from damage caused by free radicals.   It aids in cell repair preventing discoloration and scar caused by pimples and helps in the prevention of stretch marks, fine lines, wrinkles and sun/age spots. 
 
FORM, DOSAGE & ADMINISTRATION: 
 
In Cream Form.  For external use only.  Apply on face and neck daily at bedtime. 
 
A Product of the Phils., formulated by a dermatologist. 
 
Distributed by:  NBR Medical Group, Inc.",https://edgg7es7-staging.dreamwp.com/wp-content/uploads/2020/06/collagen.jpg,https://edgg7es7-staging.dreamwp.com/product/collagen-cream/,"Skin Care","SkinRx",575PHP,in stock,wc_post_id_1559,https://edgg7es7-staging.dreamwp.com/cart/?add-to-cart=1559,,1970-01-29T00:00+00:00/1970-01-30T23:59+00:00,575PHP,new,published,,
wc_post_id_1557,"Replenishing Cream","DESCRIPTION: 
 
Contains peptides,  vitamins,  moisturizers and antioxidants,  which help in the prevention of cell destruction and promote cell renewal to naturally replenish one’s skin 
 
FORM, DOSAGE & ADMINISTRATION: 
 
  
 
Comes in cream for external use only.   Apply on face and neck every night. 
 
A Product of the Phils., formulated by a dermatologist. 
 
Distributed by:  NBR Medical Group, Inc.",https://edgg7es7-staging.dreamwp.com/wp-content/uploads/2020/06/placenta.jpg,https://edgg7es7-staging.dreamwp.com/product/revujenating-cream/,"Skin Care","SkinRx",575PHP,in stock,wc_post_id_1557,https://edgg7es7-staging.dreamwp.com/cart/?add-to-cart=1557,,1970-01-29T00:00+00:00/1970-01-30T23:59+00:00,575PHP,new,published,,
